Upc,Department,qty,amount($),Name
4.99E+11,Frozen,1,20,fish 4
4.99E+11,Pasta/Rice,1,45,Cassava Flour
4.99E+11,General Food,1,4,Maggi bag
4.99E+11,General Food,1,45,Semolina
4.99E+11,Vitamins/Medicine,1,10,Rhumine 1%
4.99E+11,Household,1,10,Cocoa butter  creeme
2.00E+11,Snacks,1,0.5,chips/cookies
4.99E+11,General Food,1,65,White corn
4.99E+11,General Food,1,55,Bag of rice
4.99E+11,Meat/Fish,1,35,Box tilapia fish
4.99E+11,General Food,1,1.99,Sadine
4.99E+11,General Food,1,7,Bitetekuteku
4.99E+11,General Food,1,2,Sardines
4.99E+11,General Food,1,7,Matembele
4.99E+11,General Food,1,15,Soso
4.99E+11,General Food,1,8,Pondu
4.99E+11,General Food,1,3.5,Tea leaves
4.99E+11,General Food,1,7,Mfumbwa
4.99E+11,General Food,1,1,Small seeds item
4.99E+11,Cleaning&body,1,5,Dermo-Gel
4.99E+11,General Food,1,6,Peanut 4 cup
4.99E+11,General Food,1,4,Pack of union
4.99E+11,Drinks,1,2,Pepsi
4.99E+11,General Food,1,8,Pondu
4.99E+11,General Food,1,40,Mikeke
4.99E+11,General Food,1,10,Meat
4.99E+11,General Food,1,35,Box of fish
4.99E+11,Drinks,1,9,Pack of watercase
4.99E+11,General Food,1,50,Small fish
4.99E+11,General Food,1,199.9,Box of thomson
4.99E+11,General Food,1,30,3salty fish
4.99E+11,General Food,1,6,White garri
4.99E+11,General Food,1,150.99,Box of cassava
4.99E+11,General Food,1,21,Salt fish
4.99E+11,General Food,1,7.09,Sour sour
4.99E+11,General Food,1,14.99,White rice
4.99E+11,Drinks,1,40,Box of fanta
4.99E+11,General Food,1,70,Box of turkey tails
2.00E+11,General Food,1,6,Matembele
4.99E+11,General Food,1,6.99,Matembele
4.99E+11,Cleaning&body,1,10,Sivoclair
4.99E+11,General Food,1,50,smoke fisn
4.99E+11,General Food,1,160,Box of salty fish
4.99E+11,General Food,1,5,Pepper
4.99E+11,Clothes,1,40,clothes
4.99E+11,Clothes,1,10,Flag
2.00E+11,General Food,1,6,Bitekuteku
4.99E+11,General Food,1,6.99,Bitekuteju
4.99E+11,Cleaning&body,1,30,Sandal
2.00E+11,Drinks,1,0.5,WAter
4.99E+11,General Food,1,28,rice
4.99E+11,General Food,1,28,rice
4.99E+11,General Food,1,50.99,Jasmine rice
4.99E+11,Drinks,1,39.99,Box of jamica ginger
4.99E+11,General Food,1,6.99,Bitter leaves
4.99E+11,General Food,1,26,Golden elephant
4.99E+11,General Food,1,5,Kwanga
4.99E+11,General Food,1,7,Safou
4.99E+11,Household,1,9.99,Ariel soup
4.99E+11,Frozen,1,7,placali
2.00E+11,General Food,1,1,Onga  tomate bouillon
2.00E+11,Household,1,1.25,Tissue
2.00E+11,General Food,1,1.5,Eggplant
2.00E+11,Pasta/Rice,1,3,water
2.00E+11,General Food,1,2.5,Idk
2.00E+11,General Food,1,3,food
2.00E+11,Pasta/Rice,1,3.99,Vbh
2.01E+11,General Food,1,1,Whole nutmeg
2.01E+11,General Food,1,5,K
2.01E+11,Pasta/Rice,1,6.66,Fufu
2.01E+11,General Food,1,7,safou
2.01E+11,General Food,1,8,Cassava (large)
2.01E+11,General Food,1,10,kagz
2.01E+11,General Food,1,11,Gari
2.02E+11,Cleaning&body,1,15,Portabke
2.02E+11,Household,1,17,Idk
2.02E+11,General Food,1,2,Sardine
2.02E+11,General Food,1,20.99,Fish
2.03E+11,General Food,1,30,PaymenT mads
2.04E+11,Clothes,1,40,African fabri
2.04E+11,Meat/Fish,1,50,Bike
2.05E+11,Clothes,1,50,African clotges
2.08E+11,General Food,1,5,Noflaye
2.10E+11,General Food,1,100,PAyment
2.12E+11,General Food,1,120,Fish
2.20E+11,General Food,1,2099,FisH
2.45E+11,General Food,1,45,Rice jasmine
87162424,General Food,1,1,Evaporated milk
651813035,General Food,1,1,Green Onions
9800895007,General Food,1,4.2,Nutella
10181041655,General Food,1,5,Palmer's Cocoa Butter Formula
10700101099,Snacks,1,1.25,Jolly Rancher
11111012080,Cleaning&body,1,10.99,Dove Men+Care(Tm):Extra Fresh 4.25 Oz
11111012172,Cleaning&body,1,5,Dove Men+Care(Tm):Extra Fresh 4.25 Oz
11111013773,Cleaning&body,1,5,Careaa
11111025523,Cleaning&body,1,8,DOve
11111123311,Cleaning&body,1,5,Dove:Go Fresh Cool Moisture
11111172685,Cleaning&body,1,1,Dove Men+Care(Tm):Extra Fresh
11111396487,Cleaning&body,1,8,Dove
11111504219,Cleaning&body,1,1,Dove
11111611207,Cleaning&body,1,3.5,Dove:Sensitive Skin - Unscented - Two Pack
11111613287,Cleaning&body,1,4,Dove:Gentle Exfoliating 1/4 Moisturizing Cream 4.25 Oz
11111614246,Cleaning&body,1,2.5,Dove:White 1/4 Moisturizing Cream
11111653221,Cleaning&body,1,6,Dove Men+Care E CC [MM]
11822660914,Cleaning&body,1,5.15,Blade
12000000133,Frozen,1,1,Pepsi Cola
12000000850,Drinks,1,0.75,Mountain Dew
12000005688,Drinks,1,0.75,Pepsi
12000107351,Drinks,1,1,Mountain Dew Diet:16.9 Oz
12000171956,Drinks,1,1.25,PEPSI COLA DIET 6PK
12000204968,Drinks,1,0.75,mtn dew
12000504051,Drinks,1,1.25,Pepsi
12000504082,Drinks,1,1.25,Mountain Dew
12005005713,Cleaning&body,1,3.05,Pink Zote Soap
12005005737,General Food,1,5,Zote White Laundry Soap
12044045664,Cleaning&body,1,2,Old spixe
12044049891,Cleaning&body,1,5,Dry spray
12546011099,Snacks,1,1,Trident
12546011112,Snacks,1,1,Trident Tropical Twist
12546011136,Snacks,1,1,Trident Watermelon
12546011440,Frozen,1,1.5,Trident Bubblegum
12546011471,Snacks,1,1,Trident
12546011518,Snacks,1,2.99,Trident
12546011723,Drinks,1,1,TRIDENT VUP BLACK RASPBER
12546012706,General Food,1,2,trident gum 
12546312417,Snacks,1,1,Dentyne Ice:Arctic Chill - Split 2 Fit Pack
12993441098,Drinks,1,1,Sparkling water
12993441111,Drinks,1,1.25,Sparkling water
14100077602,Snacks,1,0.5,Pepperidge Farm Goldfish:Cheddar
14100078180,Snacks,1,0.5,"Goldfish:Baked Snack Crackers, Pretzel"
14100086079,Snacks,1,0.5,Goldfish:Baked Snack Crackers
14113734066,General Food,1,2,Wonderful:Roasted & Salted - Shelled
14200000692,Snacks,1,0.25,Charms Blow Pops
14272138569,General Food,1,2,Pop
14272138576,Snacks,1,3.25,Tiger pops
14800000238,Snacks,1,5,Mott's Cinnamon Applesauce
15000070502,General Food,1,3,Gerber Rice Cereal Single Grain
15000070519,General Food,1,3.99,Gerber Oatmeal Cereal Single Grain
15878090183,General Food,1,8,"Fine corn mea,"
16000125063,General Food,1,2,GM HONEY NUT CHEERIOS CEREAL
16000285446,Snacks,1,1,Fruit snacks?
16571910303,Drinks,1,1,Sparkling Ice Black Raspberry
16571910310,Drinks,1,1,Sparkling Ice: Orange Mango
16571911256,Drinks,1,1,Sparkling Ice Lemon Lime
16571952105,Drinks,1,1,Sparkling Ice BlackCherry
17000018409,Cleaning&body,1,2,Dial Bar:Spring Water Antibacterial Deodorant 4 Oz
17082879783,General Food,1,1.4,Squatch
17400118204,General Food,1,12,Minute:White Instant Enriched Long Grain
19100109957,Cleaning&body,1,5,Jergens:Original Scent Cherry-Almond
19100109995,Cleaning&body,1,7.5,Jergens:Ultra Healing Extra Dry Skin
19100110007,Cleaning&body,1,10,Jergens:Ultra Healing Extra Dry Skin
19100181694,General Food,1,5,Jergens Ultra Healing
19100218246,Cleaning&body,1,5,Jergens
19200025225,Cleaning&body,1,5,Lysol Max Coverage Toilet Bowl Cleaner
19962156045,General Food,1,2.5,Ginger
19962156144,General Food,1,25,Ginger
19962156243,General Food,1,2.5,Ginger
19962156342,General Food,1,2.5,Ginger
20200022664,Snacks,1,2,Oven Delight Fudge Striped Shortbread
22000000675,General Food,1,1.5,Hubba Bubba Max:5 Pc Strawberry-Watermelon 8/
22000001726,Snacks,1,0.35,Doublemint
22000003195,General Food,1,1.2,Eclipse:Big E Pak Spearmint Sugarfree
22000004864,Snacks,1,1,Orbit:Peppermint Sugar Free
22000005120,Snacks,1,1,5 Peppermint Cobalt
22000008992,Snacks,1,1,Extra Spearmint Sugarfree
22000012852,Tobacco,1,10,Juicy Fruit Fruity Chews Bubble Gum
22000014641,Snacks,1,1.5,Life Savers / Gummies:5 Flavors
22000014757,Snacks,1,2,Orbit Bubblemint Sugar Free Chewing GumT
22000016065,General Food,1,2,Starbusrt FaveREDS
22000017772,Snacks,1,2.25,Sklittles Sour
22000021977,General Food,1,2,EXtra long lasting flavor 40 pieces
22000123701,General Food,1,1.5,SKITTLES SKITTLES ORIG SUB 9Z
22000279705,Snacks,1,3,Skittles
22200940207,Cleaning&body,1,1.25,Speed Stick Deodorant Regular
22600926610,Cleaning&body,1,10,Trojan Condoms:Ultra Thin Premium Lubricant
22796910066,Cleaning&body,1,8,": Nourishing Coconut Milk Conditioner, 13 oz"
24300781063,Snacks,1,0.75,Sunbelt Chocolate Chip Granola Bars
24300781087,Snacks,1,1,Sunbelt Bakery Oats & Honey
24300808388,Snacks,1,0.5,Honey bun
24300808845,Snacks,1,0.5,Zebra cake
24300833724,Snacks,1,0.5,Little Debbie Little Muffins
24300835209,Snacks,1,0.99,Little Debbie Frosted Donuts
24300835216,General Food,1,0.99,Little Debbie Powdered Donuts
24300835612,Snacks,1,0.5,Little Debbie Oatmeal Cream Pie
24300835667,Snacks,1,0.5,Little Debbie Nutty Bars
24300835711,Snacks,1,0.5,Little Debbie Swiss Cake Rolls
24300837852,Snacks,1,0.99,Little Debbie:Coconut Crunch Donuts
24300837869,Snacks,1,0.99,Little Debbie Cosmic:with Chocolate Chip Candy
24300865022,Snacks,1,0.5,Turtle bro
24300865107,Snacks,1,0.99,Little Debbie:Donut Sticks
24300865923,Snacks,1,0.5,Chocolate chip cookies
24435777146,General Food,1,10,Oloye
24435777184,General Food,1,18,Oloye
24435777207,General Food,1,40,Olye
24600010535,Household,1,1.5,Morton Iodized Salt
24600017503,General Food,1,7,Morton Season All:Seasoned Salt
25500000343,General Food,1,5,Folgers:Classic Roast
25500204857,General Food,1,0,Folgers  afe
26200101927,Snacks,1,0.5,Slim Jim:Original
26200117003,General Food,1,1,Slim Jim:Original
26200117508,General Food,1,0.2,Slim Jim Giant Slim:Mild
26200144771,General Food,1,2,Savage
28000213190,General Food,1,3.5,Maggi Chicken Flavor
28000216283,General Food,1,40,Nestle Nido Kinder
28000369712,General Food,1,5,"MILO Nestle:Drink Mix, Fortified Chocolate"
28000467012,General Food,1,3,Nescafe Clasico
28000469719,General Food,1,8,Nestle Nido Dry Whole Milk
28000469733,General Food,1,24.99,Nestle Nido Dry Whole Milk
28000469757,General Food,1,40,Nido Dry Whole Milk
28000469771,General Food,1,45.99,Nido
28000553609,General Food,1,5,"Nestle:Drink Mix, Fortified Chocolate"
28000610302,General Food,1,13,Nestle Nido/Milk Powder
28000675585,General Food,1,7,Maggi Seasoning
28000803193,Meat/Fish,1,3.5,Maggi:Chicken Flavor
28000998509,General Food,1,15,Maggi
28293022028,Snacks,1,1,Fiery hot
28400000246,General Food,1,1,Frito Cheese Jalapeno Cheddar Flavored
28400000666,Snacks,1,1,Funyuns:1.25 Oz Bag
28400001342,Snacks,1,0.5,Cheetos Puffs
28400002912,Snacks,1,0.5,Ruffles:Cheddar & Sour Cream
28400003001,General Food,1,1,Lay's:Barbecue
28400008617,General Food,1,0.5,Lay's:Barbecue
28400014236,General Food,1,0.5,Smartfood:White Cheddar
28400038492,Snacks,1,0.5,Doritos flammas
28400040037,General Food,1,0.5,Fritos:Original
28400040112,Snacks,1,0,Cheetos Crunchy:Cheese Flavored Snacks
28400040129,Snacks,1,0.5,Cheetos Flamin' Hot Crunchy:Cheese Flavored Snacks
28400041560,Snacks,1,1.99,chesters puffcorn cheese
28400043014,Snacks,1,1,Chester's Flamin' Hot Fries:Corn & Potato Snacks
28400047906,General Food,1,1,Cheetos:Crunchy
28400047913,Snacks,1,1.5,Cheetos Flamin' Hot:Crunchy
28400047920,Snacks,1,1.5,Cheetos Flamin' Hot:Limon - Crunchy
28400047937,General Food,1,2,Fritos:The Original
28400068826,Snacks,1,0.5,Fritos
28400069298,Snacks,1,0.5,Doritos:Spicy Sweet Chili
28400089326,Snacks,1,1,Funyuns Flamin' Hot:Onion Flavored Rings
28400090094,Snacks,1,0.5,Lay's:Salt & Vinegar
28400090179,Snacks,1,0.75,Ruffles:Cheddar & Sour Cream
28400090858,Snacks,1,0.75,Lays Classic Potato Chips
28400090896,General Food,1,0.5,Doritos:Nacho Cheese
28400091473,Snacks,1,0.75,Flamin hot
28400091534,Snacks,1,0.75,Cheetos
28400091565,Household,1,1,Lay's:Classic
28400162128,Snacks,1,1,Doritos Dinamita Chile Limon
28400217019,Snacks,1,1,Doritos
28400259422,Snacks,1,1.3,GRANDMAS COOKIES
28400259552,Snacks,1,1.3,Grandma's Cookies Peanutbutter 2.875 Oz
28400259613,Snacks,1,1.3,Grandmas choc chip 2 7/8 oz
28400259897,Snacks,1,1,GRANDMAS OATMEAL
28400260343,Snacks,1,1.3,Grandma's
28400260725,Snacks,1,1.3,GRANDM'S PEANUT BUTTER
28400261579,Snacks,1,1,Sunflwer seed 1.34oz
28400306980,Snacks,1,2,DORITOS
28400323819,Snacks,1,2,LB HNY BBQ
28400323826,Tobacco,1,2,Lays Classic
28400323888,Snacks,1,2,LAYS SWT HEAT BBQ CHIPS $1.89
28400324205,Snacks,1,2,Lays Baebecue
28400325042,Snacks,1,2,Doritos
28400325059,Snacks,1,2,Doritos
28400325080,Snacks,1,2,DORITOS SPICY NACHO $1.89
28400325226,Snacks,1,1,Doritos
28400327282,Snacks,1,2,Frito Honey BBQ
28400327299,Snacks,1,1,Frito Chili Cheese
28400327305,General Food,1,2,Frito Orignal
28400329125,Snacks,1,2,Cheetos
28400329132,General Food,1,1.99,Chip
28400329453,General Food,1,2,cheetos
28400329484,Snacks,1,2,Cheetos
28400329491,Snacks,1,2,CHEETOS FLAMMING HOT $1.89
28400331791,Snacks,1,2,SmartFood
28400705721,Snacks,1,2.49,Puff
29444423725,General Food,1,6,Tropiway Cocoyam Fufu Flour
29444717800,General Food,1,6.99,Tropiway Platain Fufu Flour
29444919129,General Food,1,35.99,Plantain fufu
30100215981,Snacks,1,0.5,"Keebler:Baked Graham Cracker Sticks, Scooby-Doo!, Cinnamon"
30772032435,Cleaning&body,1,10,Tide
31146150601,Snacks,1,1,Nong Shim:Gourmet Spicy
31146250103,General Food,1,1.5,Nong Shim:Hot & Spicy
31146262571,Snacks,1,3,Nong Shim:Spicy Chicken
31200200310,General Food,1,2.96,Ocean Spray Diet:Cranberry Juice Drink
32251766992,General Food,1,1.9,Garluc
33200197263,Cleaning&body,1,5,Deodorant
33200975427,Cleaning&body,1,5.25,Oxl clean
33200975601,Cleaning&body,1,10,laundry
33844000196,General Food,1,1.5,Badia Whole Bay Leaves
33844000325,General Food,1,1.99,Badia Nutmeg
33844000370,General Food,1,1.2,Badia Cloves
33844007508,General Food,1,3,Badia Nutmeg
34000002405,Snacks,1,1,Hershey's Milk Chocolate
34000002412,Snacks,1,1,Hershey's Milk Chocolate with Almonds
34000002467,Snacks,1,1,Kit Kat
34000004409,Snacks,1,1,Reeses 2 Peanut Butter Cups
34000005451,General Food,1,2.5,Ice Breakers Artic Grape
34000008438,Snacks,1,1.25,Ice Breakers - Peppermint
34000013272,General Food,1,1.5,Almond Joy-5pk
34000020409,Snacks,1,2,"Almond Joy:Bars, Snack Size"
34000170388,General Food,1,2,Hershey's:Milk Chocolate
34000191413,Snacks,1,2,"Hershey's:Milk Chocolate with Almonds, Giant Bar"
34000249916,Snacks,1,2,1
34000290055,General Food,1,2.5,Hershey's:Milk Chocolate
34000432271,General Food,1,2.5,Reeses
34000460601,Snacks,1,2,Reese'x
34000460625,Snacks,1,1,Reeses
34000470563,General Food,1,1.5,Reeses mini
34000470679,General Food,1,3.99,Rolo
34000472246,General Food,1,5,Minj
34000490639,General Food,1,1.5,Reese
34000701520,General Food,1,2,ICE CUBES
34000937882,Snacks,1,2,kitkat
34000996636,General Food,1,3,Kitkat
34000996643,Snacks,1,3,Hershey
34856008187,Snacks,1,0.5,Welch
34856028987,Snacks,1,1.5,"Welch's Fruit Snack, Mixed Fruit"
35000141170,Cleaning&body,1,8.99,Irish sping
35000144249,Cleaning&body,1,1.25,Irish Spring Original
35000463777,Cleaning&body,1,3,Colgats
35000510884,Cleaning&body,1,0,Colgate
35000680464,Cleaning&body,1,3,Toothbrush Optic White Medium
36000513349,Cleaning&body,1,8,Diapers
37000080596,Cleaning&body,1,9,Crest 3D white
37000123439,Cleaning&body,1,1.5,Secret:Powder Fresh
37000670506,Cleaning&body,1,2.5,Crest
37000801450,Cleaning&body,1,20,Tide
37000825609,Cleaning&body,1,20,Tide
37000917922,Cleaning&body,1,15,Gain
37000944799,Cleaning&body,1,2,OLD SPICE
37000945543,Cleaning&body,1,8.99,Olay bar
37000976189,Cleaning&body,1,4.33,Gain
37000976585,Misc.,1,2,crest
37000987918,General Food,1,6,Sole
37466039442,General Food,1,3,Lindor
38000000836,Snacks,1,0.5,PRINGLES ORIGINAL
38000138416,Snacks,1,1.5,Pringles Original
38000138577,General Food,1,2,Pringles: Cheddar Cheese
38000845246,General Food,1,1.25,Pringles
39000081047,General Food,1,6.99,Libby's:Corned Beef
39800068194,Household,1,20,'energize
40000000310,Snacks,1,0,M&M's Chocolate Candy
40000000327,General Food,1,1.5,M&M's with Peanut
40000000518,Snacks,1,1,Starburst Original
40000001607,Snacks,1,0.5,Skittles Original
40000001621,Snacks,1,0.75,Skittles Wild Berry
40000004011,General Food,1,1,Milky Way
40000004356,Snacks,1,1.25,Twix Cookie Bars
40000004608,General Food,1,1.5,Skittles Original - Share Size
40000422082,Snacks,1,0.5,3 Musketeers Chocolate Bar
40000424314,Snacks,1,0.75,Snickers Candy Bar
40000443100,Household,1,5.99,Milky wzy
40000464082,General Food,1,1.5,Snickers Big
40000505273,General Food,1,4.5,MilkyWay Fun Size45
40000511366,Snacks,1,2,M&M
40000512776,Snacks,1,2,M&M's
40000512943,Snacks,1,2,M&m Sharing size Milk Chocolate
40000512998,Snacks,1,1.5,M&m
40000513018,Snacks,1,3,Mixologist Shot Glass
40000513056,Snacks,1,2,m&m sharing size
40000513070,Snacks,1,2,M&M's
40000520412,General Food,1,3,M&M Coffee Nut Sharing Size
40000525578,Snacks,1,3,Snicker
40000525875,General Food,1,5.5,Candy bar
40000555452,General Food,1,1,M&m
40000574460,Snacks,1,10,135 pieces
40000576396,Snacks,1,10,mix snacks
40232351297,General Food,1,25,Tilapia
41116005190,Snacks,1,0.5,Ring Pop
41116005343,Snacks,1,1,"Topps:Push Pop, Assorted Flavors"
41116006340,Snacks,1,1,Baby Bottle Pop
41116026362,Snacks,1,0.75,RING POP
41167095652,Cleaning&body,1,4,Act Restoring:Anticavity - Cool Splash Mint
41190079988,General Food,1,1.5,Bowl baskef
41262270367,General Food,1,0.5,Wise:Original Butter
41262270435,Snacks,1,0.5,Wise:Puffed
41262270640,General Food,1,0.5,Wise:Wavy Corn Chips
41262271241,Snacks,1,0.5,Wise:All Natural
41262273887,Snacks,1,0.5,Wise:Crunchy
41331012393,General Food,1,10,Goya Vegetable Oil Soybean Oil
41331012508,General Food,1,3.89,Goya Canola Oil
41331015127,General Food,1,3,Goya Reduced Sodium Alcaparrado
41331024709,General Food,1,2.5,habichuelas blancas
41331024747,General Food,1,3,Goya Blackeye Peas
41331024778,General Food,1,2.5,Goya Pink Beans
41331024853,General Food,1,2.8,Goya:Great Northern Beans
41331024907,General Food,1,2.5,Goya Navy Beans
41331024952,General Food,1,3.5,Goya Canary Beans
41331025096,General Food,1,3.5,Goya White Cargamanto Beans
41331025188,General Food,1,10,Goya Canary Beans
41331026291,General Food,1,8,"Golden Canilla:Parboiled Rice, Enriched Long Grain"
41331030571,General Food,1,2.99,"Goya Lemon Juice, Tropical"
41331031394,General Food,1,1.5,Goya Lemon Juice
41331032407,General Food,1,1.9,Goya Powdered Chicken Bouillon
41331032421,General Food,1,1.9,"Goya Beef Bouillon, Powdered"
41331034029,General Food,1,8,Goya:Refined Lard
41331036139,General Food,1,3.99,Goya Sardines in Tomato Sauce
41331036160,General Food,1,3.99,Goya Sardines in Spicy Tomato Sauce
41331036214,General Food,1,3.5,Goya: Jack Mackerel in Brine
41331036313,General Food,1,3.99,Goya Jack Mackerel In Tomato
41331037334,General Food,1,3.05,Goya:Garlic Salt
41331037372,General Food,1,3,Goya Bay Leaf
41331037426,General Food,1,3,Goya Jamaican Curry Powder
41331037747,General Food,1,4,Goya: Seasoning Mix with Onion & Garlic
41331037761,General Food,1,6.5,Goya: Seasoning w/ Coriander & Annatto
41331037785,General Food,1,3.5,Goya: Seasoning w/o Annatto
41331037822,General Food,1,5.99,Sanzon Goya
41331037945,General Food,1,5,Sazon Goya a Low Seasoning con Culantro y Achiote5
41331038027,General Food,1,5,Goya Sazonador Total
41331038195,General Food,1,2.9,Goya: Adobo Hot
41331038287,General Food,1,2.99,Goya Adobo with Pepper
41331038294,General Food,1,3.5,Goya Adobo without Pepper
41331038355,General Food,1,4.5,Goya Adobo Con Limono
41331038409,General Food,1,1.9,Goya Seasoning Salad & Vegetable
41331038423,General Food,1,6,Goya:All Purpose Seasoning
41331038690,Household,1,4.99,Goya Mayonnaise - With Lime
41331038843,General Food,1,3.99,Goya Total Seasoning The Perfect
41331039314,General Food,1,2.9,Goya Apple Cider Vinegar
41331039352,General Food,1,1.5,Goya Destilled White Vinegar
41331039611,General Food,1,1,Goya: Tomato Sauce
41331039642,General Food,1,1.95,Goya Spaghetti
41331039857,Drinks,1,1.5,Goya Malta
41331040020,Drinks,1,1.5,"Goya:Ginger Beer, Jamaican Style"
41331040075,Drinks,1,0.75,Malta Goya
41331049252,General Food,1,3,"Goya:Plantain Chips, Platanitos"
41331049429,General Food,1,1,Goya Maria Cookies
41331049436,General Food,1,2,Goya Maria Cookies
41331049474,General Food,1,1.5,Goya Palmeritas
41331049672,Snacks,1,1.09,Goya Palmeritas
41331050753,General Food,1,9.99,Goya:Enriched White Corn Meal
41331050890,General Food,1,10.99,Goya Rice Flour
41331090513,General Food,1,10,Goya Cassava Yuca
41331090520,General Food,1,3.99,Goya Yuca Cassava
41331090544,General Food,1,3.99,Goya:Yam
41331091305,General Food,1,3.99,Goya Cut Okra
41331091732,General Food,1,3.99,Goya Chopped Spinach
41331092159,General Food,1,5,GOYA JUMBO CORN
41331092166,General Food,1,30,Goya Choclo Desgranado
41348009911,General Food,1,0.5,Z
41364080338,Snacks,1,1.25,Sour Punch:Strawbery Straws
41364087320,General Food,1,2.5,Sour Punch Bites
41396065198,Snacks,1,1.25,Sour dudes
41420051326,Household,1,3.99,Brachs
41490736130,General Food,1,20,King:Golden
41498122201,General Food,1,5,Brookdale Premium Corned Beef
41498126643,General Food,1,3.25,Carlini Pure Corn Oil
41498131562,General Food,1,1.25,Stone Mill Essent Salt Iodized
41548702698,General Food,1,3.5,Ice  cream
41548898469,Snacks,1,3.5,kitkat  ice cream
41570130605,General Food,1,9,Blus diamond
41724004509,General Food,1,50,White corn flour
41761103098,Snacks,1,1.25,Happy Valentine Day Chocolates
41789002113,General Food,1,0.5,Maruchan:Chicken
41800490004,Drinks,1,1,"Welch's Single Serve:Fruit Punch, Modified 9/10/08"
42200000053,Drinks,1,1,RIPS
42200000657,Drinks,1,1,Rip It Energy Fuel Citrus X
42200002637,Drinks,1,1,Rip It
42200006826,Drinks,1,1,RIP IT 3WAY BERRY 16OZ $0.99
42200006833,Drinks,1,1,Rip It F Bomb
42200007212,Drinks,1,1,"Rip It Energy Tribute, Active Mandarin Live Wild Lime"
42200008554,Drinks,1,1,Rip it Energy Fuel G-Force
42238302211,Snacks,1,1.75,Haribo:Gold-Bears - Original
42238723627,General Food,1,1,Gu mmicandy
44000007492,General Food,1,2,Oreo Chocolate Cookies
44000043148,Snacks,1,0.5,Chips Ahoy! Original
44000047009,General Food,1,1,Oreo Cookies
44000068851,Snacks,1,0.5,oreo
44600322605,Cleaning&body,1,3.15,Clorox 33%
44800001461,General Food,1,10,sugar  6 lbs
46500717734,Dairy,1,0,Glade clean linen
47400097728,General Food,1,5,Gillete Endurance Cool Wave
47400313927,Cleaning&body,1,7,Venus
47400315358,Tobacco,1,2,Simply Venus
47400671362,Cleaning&body,1,4,Gillette
47677388062,General Food,1,3.99,Snickers Ice Cream
48000002457,General Food,1,1,Chicken of the Sea:Chunk Light In Water
48000007070,General Food,1,1,Chicken of the Sea:In Water
48001011595,General Food,1,10.69,KNORR CALDO DE POLLO
48155908642,Cleaning&body,1,10,Personal Care Creamy Petroleum Jelly
48155921320,Calling Card,1,2,Petroleum Jelly Skin Protectant
48500001745,General Food,1,1,Tropicana Orange 100% Juice
49000000443,Drinks,1,1.25,Coca-Cola
49000001327,Drinks,1,0.75,Sprite
49000004632,Drinks,1,2,Coca Cola
49000006346,Drinks,1,0.75,Coca Cola
49000006582,Drinks,1,0.75,Diet Coke
49000007640,Snacks,1,1.25,Sprite
49000014235,Drinks,1,0.75,Fanta Orange
49000019162,Drinks,1,1.5,Fanta Orange
49000024685,Drinks,1,1.5,Coca Cola
49000024692,Drinks,1,1.25,Coca Cola Diet
49000031683,Drinks,1,1.25,Fanta
49000045260,Drinks,1,1.25,Powerade Ion 4:Grape
49000046656,Drinks,1,1,Fanta:Orange 12 Oz
49000047820,Drinks,1,2,Sprite
49000047844,Drinks,1,2.5,Fanta Orange
49000058451,Drinks,1,35,Soda mexicana mix 24pz
49000061048,General Food,1,1,"Coca cola zero sugar 7,5 fl.ozO"
49000069846,Drinks,1,1.5,Hebert Lemonade Original
49000070347,Drinks,1,1.5,Hubert Raspberry Lemonade
49000070354,Drinks,1,1.5,Heberrt Strawberry Lemonade
49000070484,Drinks,1,1,Peace tea razzleberry
49000070507,Drinks,1,1,Peace Tea Sno Berry
49000078244,Drinks,1,1.5,Huubert''s lemon blueberry
49000079357,Drinks,1,1.5,powerade mountain berry
49000079388,Drinks,1,1.5,powerade fruit punch
49022924925,General Food,1,2,Plztea
49200045503,General Food,1,2.99,Domino: Sugar Pure Cane
49200048702,General Food,1,20,Domino:Pure Cane Granulated
50000216673,General Food,1,8,Gerber Good Start:Gentle Powder
50700020204,General Food,1,1,Red And White Evaporated Milk Whole
51000012142,General Food,1,3.99,"Prego Chunky Garden:Tomato, Onion & Garlic"
51000025494,General Food,1,5.9,Prego:100% Natural Traditional
51179192409,General Food,1,12,PEANUTS
52000042122,Drinks,1,1.25,GATORADE ZERO LIME
52000047745,Drinks,1,1.5,Gatorade
52000102475,Cleaning&body,1,1.25,Gatorade Glacier Cherry
52000204094,General Food,1,1.5,Gatorade:G Series Perform Lemon-Lime
52000324815,Drinks,1,1.25,Gatorade G Series Cool Blue
52000324860,Drinks,1,1.5,Gatorade Frost Glacier Freeze
52000328660,Drinks,1,1.25,Gatorade G Series Perform Fruit Punch
52000328677,Drinks,1,1.5,Gatorade G Series 02 Perform Orange
52000328684,Drinks,1,1.5,Gatorade Lemon-Lime
52100029269,General Food,1,3,Dark chili
54000200427,Cleaning&body,1,1.25,Scott 1000 Sheets
54000472190,Household,1,1,Scott
54924005238,Snacks,1,1.5,Almonette cokkies
57736002549,General Food,1,30,Flour
58504321046,General Food,1,15,COUS COUS
62273452252,General Food,1,10,Horse mackerel
62338029658,Cleaning&body,1,5,Air wick
62338797175,Cleaning&body,1,5,Airwick Life scents
62338911014,Household,1,0,Airwick
63054404408,Snacks,1,4,Pizzelle
67238891190,Cleaning&body,1,5,Dove Original Beauty Bar
70074407111,General Food,1,1,Ensure: Original Nutrition Shake
70074671666,General Food,1,8,Ensuremax protein
70462000061,Snacks,1,1,Sour Patch Kids Berries
70462005837,General Food,1,5,Sour Patch 1lb 12.8 oz
70462035964,Snacks,1,1.5,Sour Patch Bags:Soft & Chewy Sour Then Sweet Kids
70462098501,Snacks,1,0.5,Sour Patch Kids:Sour then Sweet
70462098525,Snacks,1,0.5,Sour Patch:Watermelon
70462542509,Snacks,1,0.75,Swedish Fish Soft & Chewy Candy
70662010037,Snacks,1,0.5,Nissin Top Ramen Chicken Flavor
70662026038,Snacks,1,1.5,Ramen chicke
70662030011,General Food,1,1,Cup Noodles:Beef Flavor
70662030028,Snacks,1,1,Cup Noodles w/Shrimp
70662030035,General Food,1,1,Cup Noodles Chicken Flavor
70662087237,Snacks,1,1.5,Nissin:Teriyaki Beef Flavor
70662096314,General Food,1,1.5,Bowl Noodles:Hot & Spicy Chicken
70715074054,General Food,1,6.99,Corned Beef Exeter
70847003342,Drinks,1,8,Monster Rehab 4 Pack
70847028291,Drinks,1,10,Monster box
70847029014,Drinks,1,2,monter juice mango loco
70847811169,Drinks,1,2,Monster Energy Drink
70873010451,General Food,1,2,ajo
70907273128,Cleaning&body,1,4,Skyn
71072003657,General Food,1,3,Alessi Tip 'N Grind:Grinder
71140302057,General Food,1,1.5,Geisha Mackerel in Tomato Sauce
71140302071,General Food,1,3.5,Geisha Mackerel in Tomato Sauce
71140302101,General Food,1,3.99,Geisha Maquereau
71300001240,General Food,1,10,Ronzoni:Rotelle
71757010062,General Food,1,5,The Essence of Umami Aji-no-moto MSG
71960005091,General Food,1,1.5,Pink Pride
72030021621,Snacks,1,1,Little Bites
72071014125,General Food,1,0,La espanola Vegetables Oil
72320124414,Snacks,1,3,"Stauffer's:Lemon Snaps, Original Recipe"
72320124421,Snacks,1,3,Stauffer's:Ginger Snaps
72486002205,General Food,1,1.5,Jiffy Corn Muffin Mix
72718100112,Drinks,1,1,Mr pure orange
72718100136,Drinks,1,1.25,Mr pure apple
72718100174,Drinks,1,1.25,Mr pure fruit punch
72718100266,Drinks,1,1.75,Mr. Pure:Orange Juice
72718100280,Drinks,1,1.5,Mr. Pure:Apple Juice
72718100334,Drinks,1,1.75,Mr. Pure:Fruit Punch
72718100396,Drinks,1,1.25,mr.pure pineapple orange
72718100426,Drinks,1,1.75,Pure Lemon
72718100563,Drinks,1,1.25,Mr pure craneberry
72718100709,Drinks,1,1.75,Mr. Pure:Cranberry Juice Cocktail
72718100914,Drinks,1,1.75,Mr. Pure:Apple & Cranberry Juice
72718101812,Drinks,1,1.75,Pure Peach Watermelon
72718600339,Drinks,1,1.75,Pure Island Punc
72718600377,Drinks,1,1.75,Pure Pinapple
72718600384,Drinks,1,1.75,Pure Pinapple Watermelon
72718601213,Drinks,1,1.75,Pure Green Apple
72718601244,Drinks,1,1.75,Pure Pinapple Mango
72806057021,General Food,1,6,PER EXCELLENCE 5LBS
72806057137,General Food,1,8,PWR EXCELLENCE 10LBS
73390002022,General Food,1,0.5,Air Heads:Orange
73390002039,Snacks,1,0.5,Air Heads:Watermelon
73390002206,Snacks,1,0.5,Air Heads:Blue Raspberry
73390002213,Snacks,1,0.5,Air Heads:White Mystery
73390008383,Snacks,1,1,Air Heads Extreme:Sweetly Sour Belts
73390014384,Snacks,1,0.5,Air Heads:Grape
73621090033,Snacks,1,4.99,Pez:Hello Kitty
74265005995,Drinks,1,1,Vimto Fruit Flavoed Drink
74265023012,General Food,1,4.99,Ziyad Medium Couscous
74806000717,Drinks,1,0.5,Little Hug Orange Drink
74806000748,Drinks,1,0.5,Little Hug Lemon
74806000755,Drinks,1,0.5,Little Hug Fruit Punch Drink
74806001608,Drinks,1,0.75,Big Hug :Punch
74806001615,Drinks,1,0.75,Big Hug :Blue Raspberry
75720000616,Drinks,1,1,Poland Spring Natural Spring Water
75720000814,Drinks,1,0.5,Poland Spring
75720008513,Drinks,1,1,Poland Spring
75720431151,Drinks,1,1,Poland Spring Flip Cap Sport
75720445738,Drinks,1,1,Poland Spring Lime Sparkling Water
75724244405,Cleaning&body,1,5,Argan oil
76114364123,General Food,1,1.9,Spice Supreme Pure Black Ground Pepper
76114620724,General Food,1,1.9,SEA SALT
76171101051,Condiments,1,2,Little Trees Air Freshener Vanillaroma
76171103246,Household,1,1,Little Trees Air Freshener Caribbean Colada
76171171771,General Food,1,1,Little tree
76171320551,Cleaning&body,1,2,LITTLE TREES
76183164259,Drinks,1,1,Snapple
76183202036,Drinks,1,1,Snapple:Kiwi Strawberry
76183202043,Drinks,1,1,Snapple Mango
76183202081,Drinks,1,1,"Snapple:Juice Drink, Snapple Apple"
76183224939,Drinks,1,1,Snapple
76183463161,Drinks,1,1,Snapple
76808280081,General Food,1,2,Barilla:Spaghetti
76840100583,General Food,1,1.5,Ben & Jerry's:Chocolate Chip Cookie Dough
76840101184,General Food,1,3.99,Ben & Jerry's:Pistachio Pistachio
77034009873,Snacks,1,1,Kar's:Sweet 'n Salty Mix
77260041319,Condiments,1,10,Food
77644304320,General Food,1,3.99,"Francesco Rinaldi:Pasta Sauce, Traditional Marinara"
77890343845,Cleaning&body,1,4.99,Antiseptic oral rinse
77890440155,General Food,1,5.99,strzwberry
77890939925,Household,1,2,"Wegmans:Milk, 1% Low Fat"
77975022177,Snacks,1,0.5,Snyder's of Hanover:Mini Pretzels
78000001174,Drinks,1,0,Canada Dry
78000003963,Drinks,1,1.25,Schweppes Ginger Ale
78000013252,Drinks,1,1.25,Crush Orange Soda
78000013283,Drinks,1,1.25,Crush Orange Soda
78000152401,Snacks,1,1,Canada Dry Ginger Ale
78742049601,Cleaning&body,1,3,Glass Cleaner
78742151977,General Food,1,5,Hot cocoa
78742226996,General Food,1,9.9,Canola
78742237862,General Food,1,0,Sardine
78742292984,General Food,1,25,Jasmine
78742364667,General Food,1,2.5,Black beans
79200143367,Snacks,1,0,Wonka:Cherry 
79200183172,General Food,1,1.5,Pixy Stix
79200650100,Snacks,1,1,Laffy Taffy
79400062963,Cleaning&body,1,3.99,Suave Hair - Men's:3-In-1 Citrus Rush
79400260932,Cleaning&body,1,3.5,Axe Apollo Deodorant Bodyspray
79400265401,Cleaning&body,1,4.39,Degree Men:Cool Rush
79400265708,Cleaning&body,1,2,Degree Men:Sport
79400448347,Cleaning&body,1,3,Dove
79400587084,Cleaning&body,1,1.5,DEORANT
80000003348,Household,1,3.99,StarKist:Chunk Light In Water
80000006738,General Food,1,3.5,StarKist:Chunk Light In Water
80000513090,General Food,1,1,StarKist Tuna Creations:80 Calories - Lemon Pepper
80000514202,General Food,1,0.99,StarKist Tuna Creations:80 Calories - Ranch
85003448141,General Food,1,7,Matable
85003449643,Pasta/Rice,1,19.9,Cassava flour
86106002711,Snacks,1,2,Lil Dutch Iced Oatmeal Cookies
86600750774,General Food,1,1,Bumble Bee: Sardines in Water
90891127177,Cleaning&body,1,5,Prevail
91400039639,Cleaning&body,1,4,California
94262413432,Condiments,1,3,Bijol Coloring & Seasoning Condiment
94606370001,Cleaning&body,1,5,Baby King Pacifier
97298522352,Household,1,25,cop cam
99900908363,Snacks,1,1,Nestle Crunch 1.55z
1.61E+11,General Food,1,5,Ground ginger
1.94E+11,General Food,1,0,Ricsjasmi e
1.96E+11,General Food,1,5,Frozen cassava
3.01E+11,Cleaning&body,1,10,Neosporin:Neosporin Original Antibiotic Ointment
3.01E+11,Cleaning&body,1,5,Neosporin:Neosporin Original Antibiotic Ointment
3.01E+11,General Food,1,17,Enfamil Premium:1 Milk-Based w/Iron
3.01E+11,General Food,1,12,Enfamil Gentlease:Milk-Based With Iron
3.01E+11,General Food,1,25,Enfamil Infant Formula
3.01E+11,General Food,1,29.99,Enfamil
3.01E+11,General Food,1,14,Enfamil
3.05E+11,Cleaning&body,1,5,Pond's:Cool Classic
3.05E+11,Cleaning&body,1,4,Vaseline:Cocoa Butter
3.05E+11,Cleaning&body,1,2.5,Vaseline
3.05E+11,Cleaning&body,1,10,Pond's:Caring Classic
3.10E+11,Cleaning&body,1,5,Sen
3.10E+11,Cleaning&body,1,4.5,Sensodyne Repair & Protect Whitening Toothpaste - 3.4 oz
3.13E+11,Cleaning&body,1,3,Listerine Cool Mint:Antiseptic
3.70E+11,General Food,1,10,Flue meds
3.81E+11,Cleaning&body,1,4,Aveeno:Positively Nourishing(Tm) Calming
6.01E+11,General Food,1,1,Cban
6.01E+11,General Food,1,5.99,Fumbua
6.03E+11,General Food,1,8,Egg plant
6.05E+11,Cleaning&body,1,17,Shoe
6.09E+11,General Food,1,5.15,Mbizo
6.09E+11,Meat/Fish,1,25,Dried fish
6.09E+11,General Food,1,5.15,Mayebo
6.09E+11,General Food,1,12,Victoria palm oil
6.09E+11,General Food,1,5.25,Ndakala
6.09E+11,General Food,1,25,Dried fish
6.09E+11,General Food,1,22,Victoria palm oil
6.09E+11,General Food,1,50,Mikebuka
6.09E+11,Meat/Fish,1,30,S moked fish
6.09E+11,General Food,1,50,"Ndaka,a"
6.10E+11,General Food,1,2.75,Mackerel
6.11E+11,General Food,1,3,Summer
6.11E+11,Drinks,1,8,Red Bull Energy Drink with Taurine
6.11E+11,Drinks,1,2,Red Bull The Blue Edition:Energy Drink
6.11E+11,Drinks,1,3,Red Bull Energy Drink
6.11E+11,Drinks,1,2.5,Red Bull:Energy Drink
6.11E+11,Drinks,1,2,Red Bull
6.12E+11,General Food,1,75,Iyan Ado
6.12E+11,General Food,1,5,FuFu Cocoyam
6.12E+11,General Food,1,6,Golden Tropics Plantain FUFU Flour
6.12E+11,General Food,1,10,Iyanado Pounded Yam
6.12E+11,General Food,1,19.9,IYAN ADO NNI-JI EMA Iyan Pounded Yam
6.12E+11,General Food,1,25,Plaintain Fufu Golden Tropics
6.12E+11,General Food,1,35,Iyan ado NNI-JI EMA Iyan Pounded Yam
6.12E+11,General Food,1,20,Plantain fufu
6.13E+11,Drinks,1,1,Arizona: Orangeade
6.13E+11,Drinks,1,1,Arizona: Fruit Punch
6.13E+11,Drinks,1,1,Arizona Peach Tea
6.13E+11,Drinks,1,1,Arizona Watermelon Fruit Juice Cocktail
6.13E+11,Drinks,1,1,Arizona Half & Half Iced Tea & Lemonade
6.13E+11,Drinks,1,1,Arnold Palmer Tea
6.13E+11,Drinks,1,1,Arizona Arnold Palmer Half&Half Sweet Tea Pink Lemonade
6.13E+11,Drinks,1,1,Arizona Ice Tea Tall Boys Rx Energy
6.13E+11,Drinks,1,1,Arizona: Kiwi Strawberry
6.13E+11,Drinks,1,1,Arizona: Raspberry Iced Tea
6.16E+11,General Food,1,6.99,Gari T
6.16E+11,General Food,1,5,Massep tea L
6.16E+11,General Food,1,6,Aloevera lemongrass gingertea
6.17E+11,General Food,1,11.99,Gari
6.17E+11,General Food,1,30,Fish
6.17E+11,General Food,1,0,Dried fish
6.28E+11,General Food,1,15,Merex Bone-in Stockfish Bits
6.31E+11,Snacks,1,0.5,Teddy Grahams Graham Snacks Honey
6.33E+11,Drinks,1,0.75,Fiji Natural Artesian Water
6.33E+11,General Food,1,10,Safou
6.33E+11,General Food,1,5,bobolo
6.33E+11,General Food,1,10,Safou
6.35E+11,Condiments,1,1,Chap Lip Citrus
6.38E+11,General Food,1,8,Peanut butter
6.39E+11,General Food,1,40,smkkedfish
6.39E+11,General Food,1,30,Fish
6.39E+11,General Food,1,3.99,Pepper
6.39E+11,General Food,1,3.99,Cumin
6.39E+11,General Food,1,3.99,Cinnamo
6.39E+11,General Food,1,3.99,Pepoe red
6.39E+11,General Food,1,5,Curry
6.39E+11,Snacks,1,3.99,Ginger power
6.39E+11,General Food,1,3.99,Onion power
6.39E+11,General Food,1,3.99,Sage leaves
6.39E+11,General Food,1,3.99,Chili
6.39E+11,Calling Card,1,5,Twin double razor
6.46E+11,General Food,1,5,Honey Ginger Tea
6.47E+11,General Food,1,7,Chana Fresh Palmnut Cream Concentrate
6.48E+11,Misc.,1,0.01,test
6.50E+11,General Food,1,5.99,Tea
6.51E+11,General Food,1,80,Olaola
6.51E+11,General Food,1,18,OLA-OLA Pounded Yam
6.51E+11,General Food,1,24.9,OLA-OLA Authentic Pounded Yam
6.51E+11,General Food,1,24.99,OlA-ola
6.59E+11,General Food,1,5,Fimbui
6.59E+11,General Food,1,8,BobolO
6.59E+11,General Food,1,5,Chikwangue
6.59E+11,General Food,1,6.5,victoire matembele
6.59E+11,General Food,1,6.99,Mama nyota
6.59E+11,Frozen,1,7.5,Cassava leaves
6.59E+11,General Food,1,7,Safou
6.59E+11,Frozen,1,7,bitekuteku
6.59E+11,General Food,1,10.99,Mama nyota
6.59E+11,General Food,1,6.99,Ma anyota
6.79E+11,Calling Card,1,0,$2 Boss Revolution Phone Card
6.79E+11,Calling Card,1,5,$5 Boss Revolution Phone Card
6.81E+11,Cleaning&body,1,3.5,Kills flu cleaning
7.02E+11,Clothes,1,3,face mask
7.04E+11,Drinks,1,3.99,Maqureau
7.04E+11,General Food,1,3.99,wagobia
7.04E+11,General Food,1,5.99,Maquereau
7.04E+11,General Food,1,3.99,sardine
7.04E+11,General Food,1,4.99,Sardines
7.05E+11,General Food,1,40,Victoria dried fish
7.06E+11,Frozen,1,6.99,Whole gloves
7.06E+11,General Food,1,5.99,black pepper
7.12E+11,General Food,1,9.9,Nirwana
7.14E+11,Cleaning&body,1,5,Ketazol
7.17E+11,Cleaning&body,1,2,Metal
7.18E+11,General Food,1,5,Grandios pap
7.19E+11,General Food,1,3,Spaghetti
7.21E+11,General Food,1,2,Fresh garlic
7.45E+11,General Food,1,25,Royal Basmati Rice
7.46E+11,General Food,1,2,Ginger tea
7.46E+11,General Food,1,12.99,NINA PALM OIL 2LT
7.46E+11,General Food,1,6.15,Nina Gari
7.52E+11,General Food,1,1.5,Golden Chef Canola Oil
7.52E+11,General Food,1,8,Pondu kitoko
7.53E+11,General Food,1,25,Tilapia
7.53E+11,Meat/Fish,1,35,tilpia
7.53E+11,General Food,1,25,tilapia
7.53E+11,General Food,1,0,Tilalia
7.58E+11,Snacks,1,1,Takis Fuego Hot Chili Pepper & Lime
7.58E+11,Snacks,1,1,Takix
7.59E+11,General Food,1,1.5,Uncle Wally's Muffin Chocolate Chips
7.59E+11,Snacks,1,1,Uncle Wally's Bake Shoppe:Blueberry
7.61E+11,General Food,1,8,James Leaf Spinach
7.61E+11,Frozen,1,0,Precut Okra
7.61E+11,General Food,1,8.99,Chooped spinanch
7.61E+11,General Food,1,8,James Farm Chopped Spinach 2lbs
7.61E+11,General Food,1,7,James Farm Collard Greens 2lbs
7.61E+11,General Food,1,10,Whole nutmeg
7.62E+11,General Food,1,5,Mazola: 100% Pure Corn Oil
7.62E+11,Condiments,1,2,Your style767
7.62E+11,General Food,1,5,Starbucks:French Roast
7.62E+11,General Food,1,5,starbuck coffee
7.64E+11,Cleaning&body,1,7,mousse
7.81E+11,General Food,1,10,Dried fish
7.99E+11,General Food,1,6,Smoked bounga fish
7.99E+11,General Food,1,4,Frozen bitter
7.99E+11,General Food,1,6,Boney fish
7.99E+11,General Food,1,5,African red beans
7.99E+11,General Food,1,5.09,palm oil
7.99E+11,General Food,1,7.66,Refined red palm oil
7.99E+11,Household,1,23.99,Refined palm oil
7.99E+11,General Food,1,8,raw peanuts jkub
7.99E+11,General Food,1,3.99,Whole shrimp
7.99E+11,General Food,1,4.99,Ground boney fish
7.99E+11,General Food,1,3,FRESH OKAZI LEAVES
7.99E+11,General Food,1,8,Whole shrimp
7.99E+11,General Food,1,15,red palm
7.99E+11,General Food,1,9.99,White corn flour
7.99E+11,General Food,1,5,honey beans
7.99E+11,General Food,1,25.99,Cassava flour
7.99E+11,General Food,1,7,African spinach
7.99E+11,General Food,1,5.5,shea butter
7.99E+11,General Food,1,16,Smoke kuta fish
7.99E+11,General Food,1,5,Safou
7.99E+11,General Food,1,40,Big cassava flour
7.99E+11,General Food,1,3.5,African gloves
8.00E+11,Snacks,1,5,Ginger Candy
8.03E+11,Condiments,1,10,Olivs  Miracle
8.10E+11,General Food,1,10,de rica
8.10E+11,General Food,1,1,de rica
8.10E+11,General Food,1,2,De rica
8.10E+11,General Food,3,10,De rica
8.10E+11,General Food,1,25,Tilpia
8.10E+11,General Food,1,35,Tipapia
8.10E+11,General Food,1,35,Tilpa
8.12E+11,Drinks,1,1.2,Core power
8.15E+11,Drinks,1,2,NOS High Perfomance Energy Drink
8.16E+11,General Food,1,3,El Yucateco Chile Habanero Hot Sauce Green
8.17E+11,Cleaning&body,1,5,VO5
8.17E+11,Cleaning&body,1,2,Zest
8.18E+11,General Food,1,6,Cantu Shea Butter:For Natural Hair Moisturizing
8.18E+11,General Food,1,5,Shea butter
8.19E+11,Snacks,1,1,Chips
8.35E+11,Cleaning&body,1,10,Cocoabutter
8.37E+11,General Food,1,7.99,Kabeya Poundo
8.37E+11,General Food,1,6,Matembele
8.37E+11,Frozen,1,7,Ngai- ngai
8.37E+11,General Food,1,7,Kabeya palm oil
8.38E+11,General Food,1,3,Black Mushrooms
8.38E+11,General Food,1,3,SORREL
8.38E+11,General Food,1,3,Akpi jansanf
8.38E+11,General Food,1,3,KINKILEBA
8.38E+11,General Food,1,3,Tiger nuts
8.38E+11,General Food,1,3,Monikrou
8.38E+11,General Food,1,5,CASSAVA FLOUR
8.38E+11,General Food,1,3,Dried Okra
8.38E+11,General Food,1,5,WHOLE EGUSI
8.38E+11,General Food,1,3.99,Jkub sour sour
8.38E+11,General Food,1,5.99,Cassava Flour
8.38E+11,Household,1,4,Yellow Beans 32oz
8.38E+11,Meat/Fish,1,15,pondu
8.38E+11,General Food,1,3.99,Kalaba
8.38E+11,General Food,1,4,BITTER LEAVES
8.38E+11,Frozen,1,4,Safou
8.38E+11,General Food,1,3,Whole crawfish
8.38E+11,General Food,1,10,MIONDO
8.38E+11,General Food,1,5.15,Jkub dry okazi leaves
8.38E+11,Frozen,1,8,BOBOLO
8.38E+11,General Food,1,3.99,Ground country onions
8.38E+11,General Food,1,4,Ground melon seed- egusi
8.38E+11,Pasta/Rice,1,10,White Gari
8.38E+11,General Food,1,8.99,Kub ground peanut
8.38E+11,General Food,1,3.99,GROUND PEANUTS 8OZ
8.38E+11,General Food,1,5.09,Palm Oil
8.38E+11,Cleaning&body,1,8,Palm Oil
8.38E+11,General Food,1,13.99,Palm oil
8.38E+11,General Food,1,24.99,Palm oil
8.38E+11,General Food,1,4.5,Coconut peanuts
8.38E+11,General Food,1,3,DJansang Akpi
8.38E+11,Frozen,1,5,KUb frozen chikwangue
8.38E+11,General Food,1,10.99,Peanut Butter
8.38E+11,General Food,1,5,Ground peanutx
8.38E+11,Household,1,5.99,Peanut Butter
8.38E+11,General Food,1,5.99,Maqureau
8.38E+11,General Food,1,15.99,smoked cod fish
8.38E+11,General Food,1,5.99,GROUND PEANUTS 16OZ
8.38E+11,General Food,1,15,Smoked fish
8.38E+11,General Food,1,3.5,potato leaves
8.38E+11,General Food,1,5,African black eyed pea
8.38E+11,General Food,1,3,Jkub dry bitter leaves
8.38E+11,General Food,1,12,frozen cassaves
8.38E+11,General Food,1,10.99,Cassava flour
8.38E+11,General Food,1,2.5,Shea butter
8.41E+11,Tobacco,1,10,GuAttro
8.43E+11,General Food,1,3,Fresh gingrd
8.50E+11,General Food,1,10,Gingera tsa
8.50E+11,General Food,1,3,Cajun seasonning
8.50E+11,General Food,1,9.69,Garlic
8.50E+11,General Food,1,10,gingrt
8.50E+11,General Food,1,4.99,Bayleves
8.50E+11,Cleaning&body,1,2.5,Vaseline all purose
8.54E+11,General Food,1,17,Plaintain Fufu 4 lbs
8.54E+11,General Food,1,18,Mama's Choice Plantain Fufu Mix
8.54E+11,General Food,1,5,Mama's Choice Fufu Mix
8.54E+11,General Food,1,5,FuFu Mix
8.54E+11,General Food,1,14,Pound yam
8.54E+11,General Food,1,18,Iyan pouned yam
8.56E+11,General Food,1,5,Nirvana Honey Ginger Tea
8.56E+11,General Food,1,5,GINGER TEA
8.57E+11,Cleaning&body,1,4,Eyelash
8.60E+11,General Food,1,2,Crown kulf
8.60E+11,General Food,1,2,Crown Kulfi
8.60E+11,General Food,1,2,'CrownkulFi
8.60E+11,General Food,1,2,crow kulf
8.60E+11,General Food,1,2,crownKulfi
8.60E+11,General Food,1,2,Crown
8.60E+11,General Food,1,2,Ice cream
8.60E+11,General Food,1,2.5,Crown ice cream
8.60E+11,General Food,1,3.5,lce cream
8.60E+11,General Food,1,2.5,Ice cream
8.60E+11,General Food,1,1.5,Ice cream
8.61E+11,General Food,1,6,Poncu
8.66E+11,General Food,1,5,sorrel hibiscus bissap
8.66E+11,General Food,1,5,Kittely gnangnan
8.66E+11,General Food,1,8,Original palm oil
8.66E+11,General Food,1,5.5,Cassava flour
8.66E+11,General Food,1,5.5,White corn flour
8.66E+11,General Food,1,24.99,Original palm oil
8.66E+11,General Food,1,10,Frozen snailx
8.66E+11,General Food,1,5.09,Original palm oil
8.66E+11,General Food,1,8,Palm nut
8.66E+11,General Food,1,5,Kittely gnangnan
8.76E+11,Snacks,1,0.5,Global Brands Minees:Vanilla Cr√®me
8.76E+11,Snacks,1,0.5,Global Brands Minees:Strawberry Cr√®me
8.76E+11,General Food,1,0.5,Global Brands Minees:Banana Cr√®me
8.76E+11,Snacks,1,5,Minees Rich & Creamy Sandwich Cookies
8.76E+11,Snacks,1,0.5,Minees
8.76E+11,Snacks,1,0.5,Sugar Sprinkled Coco
8.76E+11,Snacks,1,0.5,coojiea
8.81E+11,General Food,1,5,Dunkin Donuts:Original Blend
8.81E+11,General Food,1,3,Dunkin Donuts:French Vanilla
8.81E+11,General Food,1,5,Dunkin' Donuts:Dunkin' Decaf
8.81E+11,General Food,1,5,Dunkin donuts coffee
8.84E+11,Drinks,1,1.5,Farmer's Aloe Vera Drink
8.84E+11,Drinks,1,1.5,Ofk Aloe vera Pomegranade
8.84E+11,Drinks,1,1.5,Farmers Coconut
8.86E+11,Clothes,1,20,Rain jacket
8.89E+11,General Food,1,25,Jasminerice
8.89E+11,Drinks,1,0.5,Wellsley Purified Water
8.95E+11,General Food,1,6.99,African King Cream of Palm Fruit
1.78E+12,General Food,1,25,Cemolina
2.25E+12,General Food,1,1,Bravo
2.43E+12,Cleaning&body,1,8,Safiderm
2.43E+12,Cleaning&body,1,10,Eclat
2.85E+12,General Food,1,1,Bqeuf beef flavour
3.05E+12,Cleaning&body,1,40,lotiin
3.28E+12,General Food,1,1.5,Princesse
3.28E+12,General Food,1,1.5,Princesse sardines
3.63E+12,Cleaning&body,1,0.99,noor
3.70E+12,General Food,1,8,Trofai Palmnut Pulp
3.70E+12,General Food,1,7.99,trofan
3.70E+12,Cleaning&body,1,10,Rapid Clair Serum
3.70E+12,Cleaning&body,1,20,RAPID CLAIR LITIIN
3.70E+12,General Food,1,13,White Express Lotion
3.77E+12,General Food,1,8,Pondu
4.10E+12,General Food,1,2,Crispy rice cereal
4.10E+12,General Food,1,3.99,Domino sugar
4.10E+12,Snacks,1,2,Oatmeal cookues
4.10E+12,General Food,1,2,Cookies
4.10E+12,Snacks,1,2,Vanilla wafers
4.10E+12,Drinks,1,1.5,Seltzer
4.10E+12,General Food,1,3.5,Oil
4.10E+12,General Food,1,4.99,Seasoned salt
4.10E+12,General Food,1,1.5,Salt
4.10E+12,General Food,1,1.5,Chili powder
4.10E+12,General Food,1,5,corned beef
4.10E+12,General Food,1,1.5,Lemon pepper
4.10E+12,General Food,1,1.5,Garlic salt
4.10E+12,General Food,1,3,Pinto beans
4.10E+12,General Food,1,3.5,Beans
4.10E+12,General Food,1,2,Idk
4.10E+12,General Food,1,4.69,Other Vegetables (450
4.10E+12,General Food,1,3.99,Pure canola oil
4.10E+12,General Food,1,3,Hazelnut
4.10E+12,General Food,1,5,Tea
4.10E+12,General Food,1,3.5,Pure vegetable oil
5.00E+12,General Food,1,6,Quaker white oaks
5.03E+12,Cleaning&body,1,9,Antiseptic
5.73E+12,Cleaning&body,1,5.5,Cosmethings
5.94E+12,Clothes,1,15,hzpszh
6.00E+12,Cleaning&body,1,2,Soal
6.00E+12,Cleaning&body,1,5,Superblack
6.01E+12,General Food,1,1.5,Onga
6.01E+12,General Food,1,7,Onga
6.01E+12,General Food,1,1.5,Onga
6.01E+12,General Food,1,0.5,Onga
6.01E+12,General Food,1,0.5,Onga
6.01E+12,General Food,1,1,Ongo poulet
6.01E+12,General Food,1,9.99,OnbA
6.01E+12,General Food,1,1,Blue band
6.01E+12,General Food,1,1,Onga
6.01E+12,General Food,1,1,boullin chicken
6.01E+12,Cleaning&body,1,5,Glycerine
6.01E+12,General Food,1,8,Glycerine
6.03E+12,General Food,1,10,White secret
6.03E+12,Household,1,20,White secret
6.03E+12,Cleaning&body,1,20,White secret
6.03E+12,General Food,1,8,Nestle Cerelac
6.03E+12,General Food,1,8,maggi shrimp
6.03E+12,General Food,1,8.99,Nestle cwrelac
6.03E+12,Household,1,3,Robb Pain & Nasal Ointment
6.03E+12,General Food,1,7,Palm  cream
6.03E+12,General Food,1,8,Nkulenu;s Palm Soup Base
6.03E+12,General Food,1,6.99,Plantain fufu
6.03E+12,General Food,1,7.99,Praise Palm Cream Sauce Graine
6.03E+12,General Food,1,6,neat Plantain FuFu
6.03E+12,General Food,1,7,Palm cream
6.03E+12,General Food,1,10.99,Gari
6.03E+12,General Food,1,8,Blue band
6.03E+12,General Food,1,8.99,Maqureau
6.03E+12,Household,1,15.99,Blue Band
6.04E+12,General Food,1,7,Palm nut
6.04E+12,General Food,1,7,Palm cream
6.04E+12,General Food,1,9.99,M
6.04E+12,Condiments,1,5,Banku fufu
6.04E+12,General Food,1,5,Banku mix flour
6.04E+12,General Food,1,1,Adja
6.10E+12,General Food,1,8,Top magique
6.10E+12,General Food,1,5,Boeuf
6.11E+12,General Food,1,1.5,Titus Sardines in oil
6.11E+12,General Food,1,1.5,TITUS SARDN TOM SCE
6.11E+12,General Food,1,1.5,Titus with tomato sauce with chill
6.11E+12,General Food,1,1.5,Titus
6.11E+12,General Food,1,2,Pri ncesse
6.15E+12,General Food,1,7,Maggi
6.15E+12,General Food,1,16,Neslte Cerelac Infant Cereal with Milk
6.15E+12,General Food,1,7.99,Maggi
6.15E+12,General Food,1,8,Maggi
6.15E+12,Frozen,1,5.99,Milo
6.15E+12,General Food,1,7.99,Maggi
6.15E+12,General Food,1,16,cerelac
6.15E+12,General Food,1,7,Maggi Seasoning
6.15E+12,General Food,1,7,Knorr cubes
6.15E+12,General Food,1,35,Banga Red Palm Oil
6.15E+12,General Food,1,17.99,Banga Red Palm Oil
6.15E+12,General Food,1,7,Seasoning cubes
6.15E+12,General Food,1,6.99,Chicken
6.15E+12,General Food,1,8,Blue Bans
6.16E+12,Cleaning&body,1,5,Dudu osum black soap
6.16E+12,Cleaning&body,1,5,Aboniki
6.16E+12,General Food,1,9.98,Karri
6.16E+12,General Food,1,4.85,ROYCO
6.16E+12,General Food,1,3.85,Royco chicken seasoning
6.16E+12,General Food,1,1,Royco beev
6.16E+12,General Food,1,2.15,Beef Masala
6.16E+12,General Food,1,4.15,CHICKEN MASALA
6.16E+12,General Food,1,2.15,Fish Masala
6.16E+12,Cleaning&body,1,8.99,Dettol
6.16E+12,Cleaning&body,1,11.99,Sleeping babg skin care
6.16E+12,Cleaning&body,1,15.69,Xleepi g
6.16E+12,General Food,1,10.99,Sleeping baby
6.16E+12,Cleaning&body,1,11.99,Sleeping
6.16E+12,General Food,1,1.5,Royco
6.16E+12,General Food,1,1.5,Mchuzi
6.16E+12,General Food,1,8,Blue band original
6.17E+12,General Food,1,10,Banna
6.18E+12,General Food,1,7.99,Maggi Crevette/Shrimp
6.18E+12,General Food,1,7.99,Maggi
6.18E+12,General Food,1,7,NEAT PALM CREAM 800G
6.18E+12,Cleaning&body,1,10,Bio claire Creme
6.18E+12,Cleaning&body,1,10,Bio Claire Lightening Body Lotion
6.18E+12,Cleaning&body,1,10.99,Pommade traitante
6.18E+12,Cleaning&body,1,10,Bio claire
6.18E+12,Cleaning&body,1,7,Bio claire Savon
6.18E+12,Cleaning&body,1,10,CLINIC CLEAR BODY LOTION
6.18E+12,Cleaning&body,1,10,PEAU CLAIRE
6.18E+12,Cleaning&body,1,10,Carolight
6.18E+12,Cleaning&body,1,10,Abidjanaise
6.18E+12,Household,1,10,Creme
6.18E+12,Cleaning&body,1,15,new light lotion
6.18E+12,Cleaning&body,1,25,Skin Light
6.18E+12,General Food,1,6,Super placali
6.18E+12,Cleaning&body,1,13,Caro White Lightening Beauty Lotion
6.18E+12,Household,1,15,Caro White Lightening Beauty Cream
6.18E+12,Cleaning&body,1,8,Caro White Lightening Cream
6.18E+12,Cleaning&body,1,5,CARO WHITE
6.18E+12,Cleaning&body,1,15,Clairmen Cream 500ml
6.18E+12,Cleaning&body,1,5,Cara light
6.18E+12,Household,1,5,Nature secrete
6.18E+12,Cleaning&body,1,5,CAROTONE OIL
6.18E+12,Cleaning&body,1,15,CaroTone Brightening Cream
6.18E+12,General Food,1,9,CaroTone Brightening Cream
6.18E+12,Cleaning&body,1,5,CAROTONE BLACK SPORT
6.18E+12,General Food,1,12,Caratone Collagen formula
6.19E+12,Cleaning&body,1,12,H20 Naturel Papaya Lightening Body Lotion
6.19E+12,Condiments,1,10,H20 PAPAYA OIL
6.19E+12,Cleaning&body,1,10,EDGUARD CREAM JAR
6.19E+12,General Food,1,15,L'abidjanaise Complexion Lotion
6.19E+12,Cleaning&body,1,10,Labidjanaise Complexion Oil
6.19E+12,Cleaning&body,1,10,Cocoa butter
6.19E+12,Cleaning&body,1,12,evensheen lotion
6.19E+12,Cleaning&body,1,25,Coca butfer
6.19E+12,Cleaning&body,1,10,Eclat White Lotion
6.19E+12,General Food,1,4.99,COUSCOUS FINE
6.25E+12,General Food,1,0.99,Chevre
6.61E+12,General Food,1,6.5,Sour sour
6.82E+12,General Food,1,2.75,Maquereau
6.93E+12,Clothes,1,2,Wig cap
6.94E+12,Cleaning&body,1,3,Confo
6.94E+12,Cleaning&body,1,5,Triple
6.97E+12,General Food,1,1,Elengi
6.97E+12,General Food,1,1,Elengi
6.97E+12,General Food,1,0.99,Elengi
6.97E+12,General Food,1,1,Elengi
6.97E+12,General Food,1,0.99,Elengi
6.97E+12,General Food,1,1,Elengi
6.97E+12,General Food,1,1,Elengi
6.97E+12,General Food,1,0.99,Elengi
6.97E+12,Frozen,1,5.5,Zina
7.62E+12,General Food,1,8,Cerelac
7.62E+12,General Food,1,16,Nestle Cerelac Honey & Wheat
7.62E+12,General Food,1,8,Nestle Cerelac Honey & Wheat with Milk
7.62E+12,General Food,1,15,JACOBS CRACKER
8.00E+12,Snacks,1,2,Misura
8.00E+12,Snacks,1,2,Colussi
8.01E+12,General Food,1,1.5,Salsa Double Concentre de Tomatoes
8.01E+12,General Food,1,4,SALSA TOMATOW
8.41E+12,General Food,1,16,Nestle Cerelac Wheat with Milk
8.41E+12,General Food,1,16,Nestle Cerelac Mix Fruits
8.41E+12,General Food,1,7,Jumbo
8.41E+12,Drinks,1,7,Jumbo
8.41E+12,General Food,1,17.99,Jumbo Crayfish Powder Flavor
8.41E+12,General Food,1,7,Jumbo
8.41E+12,General Food,1,8.99,Jumbo cubes
8.41E+12,General Food,1,7,jumbo chicken stock
8.41E+12,General Food,1,8,Jumbo Crevette Shrimp
8.41E+12,General Food,1,8,Jumbo
8.41E+12,General Food,1,7,Jumbo
8.41E+12,General Food,1,7,Jumbo
8.41E+12,General Food,1,15,Jumbo
8.41E+12,General Food,1,6,Aloe vera lemongass ginger Tea
8.71E+12,Cleaning&body,1,7,Dove
8.72E+12,General Food,1,45,Nido Milk
8.72E+12,General Food,1,1,Peak milk
8.72E+12,Cleaning&body,1,5,Dove
8.79E+12,Cleaning&body,1,12,miki
8.80E+12,Cleaning&body,1,2,Stainless Blade
8.86E+12,General Food,1,28,Zl a
8.89E+12,General Food,1,2.5,De Rica
8.89E+12,General Food,1,1,Reca
8.89E+12,General Food,1,5.99,De Rica
8.89E+12,General Food,1,1,De Rica
8.90E+12,Misc.,1,5,dettol
8.90E+12,Cleaning&body,1,5,Detal
8.90E+12,General Food,1,1.5,Tomato seasoning
8.90E+12,General Food,1,2,Arsor
8.90E+12,General Food,1,5,Tanzol
8.90E+12,Cleaning&body,1,5,Diproson
8.90E+12,General Food,1,10,Diproson
8.90E+12,Cleaning&body,1,5,EPIDERM
8.90E+12,Cleaning&body,1,5,Betasol
8.90E+12,Cleaning&body,1,5,Epiderm cream
8.90E+12,Household,1,0,Epiderm Lotion
8.90E+12,Cleaning&body,1,5,Epider cream
8.90E+12,Cleaning&body,1,5,betasol
8.90E+12,Cleaning&body,1,5,Diproson
8.90E+12,Cleaning&body,1,5,Ketazol
8.90E+12,Cleaning&body,1,5,Ketazol
8.90E+12,Cleaning&body,1,10,Diproson
8.90E+12,Cleaning&body,1,10,Petal
8.90E+12,Vitamins/Medicine,1,5,Relef
8.90E+12,General Food,1,9.9,Bon appetit
8.91E+12,Cleaning&body,1,10,funbact-A
8.91E+12,Cleaning&body,1,10,Rhumine
8.93E+12,General Food,1,1,Pho ga
8.94E+12,General Food,1,10,Matable
8.94E+12,General Food,1,4.99,Frozen chopped bitter leaave
8.94E+12,General Food,1,5.09,WA chopped pumkin
8.99E+12,Household,1,5,Dettol Bar Soap - Original
8.99E+12,Household,1,5,Dettol Anti Bacterial Skincare
8.99E+12,Household,1,5,Dettol Cool
9.42E+12,General Food,1,20,Aptamil
9.50E+12,General Food,1,8,Liberian Fresh Palm Cream Concentrate
9.50E+12,Cleaning&body,1,8,CARO-LIGHT CREAM JAR
9.50E+12,Cleaning&body,1,10,Clairmen
9.50E+12,Cleaning&body,1,13,CarolightCreamn Jar
9.50E+12,Cleaning&body,1,15,Clairmen
9.50E+12,Cleaning&body,1,10,Cocopulp
9.50E+12,Condiments,1,20,Coco pulp
9.50E+12,Condiments,1,10,Coco pulp
9.50E+12,Cleaning&body,1,10,Caro light
9.50E+12,Cleaning&body,1,15,Paw paw
9.56E+12,Household,1,40,Menlpwer
9.56E+12,General Food,1,40,Biopro coffe
9.62E+12,General Food,1,7,Safou